{"cameraMode":{"drawMode":0,"name":"Shaded","section":"Shading Mode"},"sceneLighting":true,"audioPlay":false,"sceneViewState":{"m_AlwaysRefresh":false,"showFog":true,"showSkybox":true,"showFlares":true,"showImageEffects":true,"showParticleSystems":true,"showVisualEffectGraphs":true,"m_FxEnabled":true},"in2DMode":false,"pivot":{"x":-1.0896339416503907,"y":6.533270359039307,"z":1.1433830261230469},"rotation":{"x":0.011600522324442864,"y":-0.1235784962773323,"z":-0.001443994464352727,"w":-0.9922685027122498},"size":6.641254425048828,"orthographic":false}